LAST NAME,FIRST NAME,EMAIL ADDRESS,ZIPCODE,CITY,STATE,ADDRESS,PHONE NUMBER
Curry,Mary Kate,wmppydaymaker@jumpstartlab.com,21230,Baltimore,MD,1509 Jackson Street
Cordova,Sarah,tmai.202@jumpstartlab.com,21044,Columbia,MD,5430 Hesperus Drive
Dzara,Greg,jmpender@jumpstartlab.com,20912,Takoma Park,MD,122 Park Avenue
Chan,Jacqueline,dpstrunn@jumpstartlab.com,20904,Silver Spring,MD,4 Delford Ave
MacConnell,Ann,suslandgurl@jumpstartlab.com,21754,Ijamsville,MD,11025 Graymarsh Place
Spitz,Caitlin,guhn@jumpstartlab.com,20712,Mount Rainier,MD,4405 29th Street
Fea,Megan,mball13@jumpstartlab.com,21208,Baltimore,MD,2908 Old Court Road
Taylor,Gena,kabbbbbnnnnnnn@jumpstartlab.com,21044,Columbia,MD,11846 Winterlong Way
Neer,Jordan,oklerd52@jumpstartlab.com,21771,Mount Airy,MD,7501 Mayfair Court
Bookstein,Emma,vranaveytsman@jumpstartlab.com,21784,Eldersburg,MD,6120 Snowden's Run
Rios,Laura,iltherine.durkin@jumpstartlab.com,20912,Takoma Park,MD,705 Colby Ave.
Lam,Abby,kdmes.paul89@jumpstartlab.com,20896,Garrett Park,MD,P O Box 346
Mathieson,Edward,uwackett@jumpstartlab.com,20895,Kensington,MD,5011 Flanders Ave.
Stein,Urs,oaycejc3@jumpstartlab.com,20814,Bethesda,MD,5217 Elsmere Ave.
Forrester,Kris,fcuerra1@jumpstartlab.com,20814,Bethesda,MD,10233 Farnham Drive
Van Beek,Helene,vsckmajm@jumpstartlab.com,20902,Silver Spring,MD,11501 Regnid Dr.
Dahan,Jane,sfarrell@jumpstartlab.com,20817,Bethesda,MD,9802 Holmhurst Rd
Healey,Vinicio,tyicastout@jumpstartlab.com,21797,Woodbine,MD,2800 Ducall Road
Farrell,Peter,orll18@jumpstartlab.com,20850,Rockville,MD,117 S Van Buren St
Wolochow,Emily,mjith.farrell@jumpstartlab.com,20891,Kensington,MD,4413 Everett St
Thibodeaux,Viktoria,oiresch@jumpstartlab.com,20906,Silver Spring,MD,3335 Hewitt Ave apt 302
Epstein,Bill,iiomasem@jumpstartlab.com,20910,Silver Spring,MD,2006 Luzerne Ave.
De Haven,ETSU,xglackwell.tidline@jumpstartlab.com,20815,Chevy Chase,MD,2616 Colston Drive
Hardy,Kathryn,vsilliard@jumpstartlab.com,20896,Garrett Park,MD,4400 Cambria Avenue
Young,Max,mbrena.whitridge@jumpstartlab.com,20737,Riverdale,MD,5912 Somerset Rd.
Hayes,Mariana,xvicia.normand@jumpstartlab.com,20912,Takoma Park,MD,"6935 Laurel Ave, #201"
Larkins,Robert,gmssicacrivas@jumpstartlab.com,21122,Pasadena,MD,8094 Ventnor Road
Ojeh,Sarah,bfkelly@jumpstartlab.com,20742,College Park,MD,8000 Boteler Lane Appt 248A
Garrett,Alex,taistin.sullivan@jumpstartlab.com,20742,College Park,MD,""
Udell,Stephanie,ihtherinemhoffman@jumpstartlab.com,20720,Bowie,MD,"10419 Glen Manor Dr.,"
Frey,Dea,ftuffman_k@jumpstartlab.com,21701,Frederick,MD,401 Rosemont Ave
Rizzo,Joe,eooss_a@jumpstartlab.com,20740,College Park,MD,""
Panacionne,Martina,dqkevill@jumpstartlab.com,21793,Walkersville,MD,PO Box 82
Beadle,Null,ehdungan@jumpstartlab.com,21157,Westminster,MD,628 Barnes Ave
Stafne,Ben,crerymac13@jumpstartlab.com,21157,Westminster,MD,628 Barnes Ave
Judge,Audrie,rhfo8296@jumpstartlab.com,21157,Westminster,MD,2084 Old Fridinger Mill Rd
Young,Annie,pqrl.stockman@jumpstartlab.com,21157,Westminster,MD,2084 Old Fridinger Mill Rd
Bauer,Andrew,kpttri@jumpstartlab.com,21157,Westminster,MD,3032 Bird View Rd
Derek,Elizabeth,myugg@jumpstartlab.com,21157,Westminster,MD,3140 Slippery Elm Ct
Theve,Kaitlin,pcthan.taylor05@jumpstartlab.com,21045,Columbia,MD,5911 Millrace Ct
Evans-Verret,Chuck,qhrphy_jp@jumpstartlab.com,21048,Westminster,MD,2748 Old Westminster Pike
Maurer,Ali,bsicksam@jumpstartlab.com,21521,Cumberland,MD,60 Pershing St
Huber,John,nileyd@jumpstartlab.com,21521,Cumberland,MD,60 Pershing St
Ng,Catherine,nhrtonwa@jumpstartlab.com,20815,Chevy Chase,MD,3512 Woodbine St
Calderado,Dominika,jnyres@jumpstartlab.com,20740,College Park,MD,8000 Boteler Lane Apt. 716
Morris,Corey,wvz7y@jumpstartlab.com,20740,College Park,MD,8000 Boteler Lane Apt. 716
Lally,Nichol,xwckandahalf@jumpstartlab.com,20707,Laurel,MD,15611 Straughn Drive
Waisbren,Andrew,xkectrae@jumpstartlab.com,20742,College Park,MD,"247-10 Leonardtown Hall, University of Maryland"
Chan,Danielle,dqagles64@jumpstartlab.com,20740,College Park,MD,"6901 Preinkert Drive, Apt. 6601C"
Bates,Sam,gver0030@jumpstartlab.com,20742,College Park,MD,"4215 Centreville Hall, University of Maryland"
Force,Christina,jtessert@jumpstartlab.com,20740,College Park,MD,8000 Boteler Lane Apt. 716
Huggenkiss,Amelia,namcgaughey@jumpstartlab.com,20740,College Park,MD,8000 Boteler Lane
Zwicker,Bart,assinclair10@jumpstartlab.com,21409,Annapolis,MD,1414 Anna Marie Ct.
Perez,Keith,bjui172@jumpstartlab.com,20740,College Park,MD,8000 Boteler Lane
Moore,Jessie,suowe@jumpstartlab.com,20740,College Park,MD,8000 Boteler Lane
Neal,Nicole,yyrown47@jumpstartlab.com,21217,Baltimore,MD,1916 Mt. Royal Terrace
Schiller,Nicolas,hsrahmills.sullivan@jumpstartlab.com,20815,Chevy Chase,MD,4910 Cumberland Avenue
O'Shaughnessy,Ian,rwthomaswallace@jumpstartlab.com,21157,Westminster,MD,628 Barnes Ave
Burdiss,Tracy,fok32@jumpstartlab.com,21228,Catonsville,MD,28 Heather Hill Rd
Maccabe,Tatiana,mrise.gabriel@jumpstartlab.com,21250,Baltimore,MD,1000 Hilltop Circle
Lepore,Joe,uhenanova3@jumpstartlab.com,21250,Baltimore,MD,1000 Hilltop Circle
Peterson,Will,if7233a@jumpstartlab.com,21250,Baltimore,MD,1000 Hilltop Circle
Somor,Bryan,lwxiechick_heeler@jumpstartlab.com,21250,Baltimore,MD,1000 Hilltop Circle
Cine,Andrew,frkeith@jumpstartlab.com,21084,Jarrettsville,MD,28 Advocate Hill Dr
Stockman,Jessica,ewmms711@jumpstartlab.com,21250,Baltimore,MD,1000 Hilltop Circle
Lumbert,Jessica,tl@jumpstartlab.com,21250,Baltimore,MD,1000 Hilltop Circle
Placey,Catherine,vflly@jumpstartlab.com,21250,Baltimore,MD,1000 Hilltop Circle
Hindes,Elizabeth,nlristopherbentley@jumpstartlab.com,21250,Baltimore,MD,1000 Hilltop Circle
Phillips,Shannon,yuhrenwerth@jumpstartlab.com,21250,Baltimore,MD,1000 Hilltop Circle
Kiener,Gabriela,apaire.rosenkvist@jumpstartlab.com,21250,Baltimore,MD,1000 Hilltop Circle
Duncombe,Ryan,hamp9321@jumpstartlab.com,21250,Baltimore,MD,1000 Hilltop Circle
Jenkins,Katelyn,kqryan@jumpstartlab.com,21412,Annapolis,MD,P.O. Box 15403
Two,David,mcmelhorn@jumpstartlab.com,20906,Silver Spring,MD,14001 Blazer Lane
Gardner,William,xgc1@jumpstartlab.com,20686,St. Mary's City,MD,Campus Center 2527 16800 Pt. Lookout Rd
Rush,Francisco,siather.jennings@jumpstartlab.com,20686,St. Mary's City,MD,"Campus Center #1754, 16800 Point Lookout Rd"
Lapointe,Leah,vbmzar@jumpstartlab.com,20686,St. Mary's City,MD,16800 Point Lookout Rd.
Barrows,Jessica,kphndoe13@jumpstartlab.com,20686,St Mary's City,MD,16800 Point Lookout Road
Santiago,Kaitlin,gflajagger@jumpstartlab.com,20686,St. Mary's City,MD,"Campus Center 2714, 16800 Point Lookout Rd."
Tecleab,Sophia,cicampbe@jumpstartlab.com,20686,St Mary's city,MD,Campus center 1346 16800 point lookout rd
Oorthuys,Robert,awndol_n@jumpstartlab.com,20686,St Mary's City,MD,16800 Point Lookout Road
Mussehl,Mollie,juworthy@jumpstartlab.com,20686,Laurel,MD,"Campus Center #1067, 16800 Point Lookout Road"
Lopez,Allegra,qssminemerriweather@jumpstartlab.com,20686,St Mary's City,MD,"Campus Center 1912, 16800 Point Lookout Rd"
Bartlett,Ginny,fuberly.sinclair@jumpstartlab.com,20686,St. Mary's city,MD,16800 point look road
Oliver,Katya,pemoba6@jumpstartlab.com,20686,st marys city,MD,16800 point lookout rd
Tyson,Laney,kaghav.goyal@jumpstartlab.com,20686,St. Mary's City,MD,16800 Pt Lookout Rd
Foley,Heather,ctOHNSON716@jumpstartlab.com,20686,st marys city,MD,16800 point lookout rd
Redmond,Rachel,tcreilly@jumpstartlab.com,20686,St. marys city,MD,16800 Pt Lookout Rd
Moss,Ragini,yusse.d.fries@jumpstartlab.com,20686,st marys city,MD,16800 Point lookout rd
Hillman,Kadie,agara_wright@jumpstartlab.com,20686,st marys city,MD,16800 Point lookout rd
Schy,Erin,rjchel.howson@jumpstartlab.com,20686,St. Marys City,MD,16800 Pt Lookout Rd
Nutter-Upham,Aida,guazar@jumpstartlab.com,20686,st marys city,MD,16800 Point lookout rd
Jones,Zach,olffj@jumpstartlab.com,20686,St. Mary's City,MD,16800 Pt Lookout Rd
Waldo,Teen,vf9gw@jumpstartlab.com,20686,st marys city,MD,16800 Point lookout rd
Migliorini,Lindsay,jk2184a@jumpstartlab.com,20686,St. Mary's City,MD,16800 Pt Lookout Rd
Seeliger,Rebecca,yocoburn@jumpstartlab.com,20686,st marys city,MD,16800 Point lookout rd
Dulys-Nusbaum,Jessica,nvimslopez@jumpstartlab.com,20686,St. Mary's City,MD,16800 Pt Lookout Rd
Peeler,Stacy,tarta.musial@jumpstartlab.com,20686,st marys city,MD,16800 Point lookout rd
Peterson,Linda,qaarren@jumpstartlab.com,20686,St. Mary's City,MD,16800 Pt Lookout Rd
Hoh,Brandon,hleyew@jumpstartlab.com,20686,st marys city,MD,16800 Point lookout rd
Rodriguez,Katie,kkhorn@jumpstartlab.com,20686,St. Mary's City,MD,16800 Point Lookout Rd.
Bender,Nora,jxhnathon.daniel@jumpstartlab.com,20686,st marys city,MD,16800 point lookout rd
Kuria,Courtney,vlk58@jumpstartlab.com,20686,st marys city,MD,16800 Point lookout rd
Collier,Sara,xbenybn@jumpstartlab.com,20686,st marys city,MD,16800 Point lookout rd
Thai,Laura,oally.sharrow@jumpstartlab.com,20686,st marys city,MD,16800 Point lookout rd
Fink,John,stiorio@jumpstartlab.com,20686,St. Mary's City,MD,16800 Point Lookout Rd.
Chase,Myriam,jevesayj@jumpstartlab.com,20686,st marys city,MD,16800 Point lookout rd
Bradley,Chris,chehli.1@jumpstartlab.com,20686,St. Mary's City,MD,16800 Point Lookout Rd.
Warren,Danielle,okwhiteman@jumpstartlab.com,20686,st marys cityq,MD,16800 Point lookout rd
Kearney,Lisa,vkeygordon@jumpstartlab.com,20686,st marys city,MD,16800 Point lookout rd
Stoneking,Gabrielle,jostilllusesabeeper@jumpstartlab.com,20686,st marys city,MD,16800 Point lookout rd
Hall,Jake,ifinero@jumpstartlab.com,20686,St. Mary's City,MD,16800 Point Lookout Rd.
Ebersole,Bret,yhsloa08@jumpstartlab.com,20686,st marys city,MD,16800 Point lookout rd
Houghton,Nell,vjm2865@jumpstartlab.com,20686,St. Mary's City,MD,16800 Point Lookout Rd.
Wein,Robert,yahrison@jumpstartlab.com,20686,st marys city,MD,16800 Point lookout rd
Lopez,Ashley,vermideo@jumpstartlab.com,20686,st marys city,MD,16800 Point lookout rd
Jahne,John,qyieff@jumpstartlab.com,20686,st marys city,MD,16800 Point lookout rd
Moskowitz,Hannah,rbolley@jumpstartlab.com,20686,yhfh,MD,16800 Point Lookout Rd.
Reay,Tony,uxffret@jumpstartlab.com,20686,st marys city,MD,16800 Point lookout rd
Baker,Eliza,ykvinga@jumpstartlab.com,21210,Baltimore,MD,MS 2361 Loyola College 4501 North Charles St
Fowler,Natalie,netite_nombre@jumpstartlab.com,21210,Baltimore,MD,MS 2361 4501 N Charles St
Davies,William,rxowden3@jumpstartlab.com,21210,Baltimore,MD,MS 2361 4501 N. Charles St
Null,Sarah,rcverburg@jumpstartlab.com,21210,Baltimore,MD,MS 2361 4501 N. Charles St
Donnelly,Jennifer,qxaschreck@jumpstartlab.com,21210,Baltimore,MD,2361 4501 N. Charles St
Sullivan,Shelby,bereenberg@jumpstartlab.com,21210,Baltimore,MD,MS 2361 4501 N Charles St
Evans,Courtney,agatsfunny1688@jumpstartlab.com,21210,Baltimore,MD,MS 3356 Loyola College 4501 N Charles St
Hunter,Wendy,elgerow@jumpstartlab.com,21210,Baltimore,MD,MS 2361 4501 N Charles St
Ter Kuile,Lance,yboaks@jumpstartlab.com,21210,Baltimore,MD,124
Whitney,Chris,bcisher@jumpstartlab.com,21210,Baltimore,MD,456
McCusker,Null,papokuag@jumpstartlab.com,20910,Silver Spring,MD,"1519 East Falkland Ln, Apt 154"
Richards,Minrose,klsheac@jumpstartlab.com,20742,College Park,MD,"5215 Centreville Hall, University of Maryland"
Kolodin,Diana,mqrosent@jumpstartlab.com,20817,College Park,MD,4226A Guilford Dr
Balinsky-Baker,Kevin,xlarab1@jumpstartlab.com,20912,Takoma Park,MD,7600 Flower Ave.
Herman,Richard,xb@jumpstartlab.com,20912,Takoma Park,MD,1001 Kennebec Ave.
Embick,Michael,sdfonteyne@jumpstartlab.com,20912,"Takoma Park,",MD,7600 Flower Ave.
Litzenberg,X,bfoseen@jumpstartlab.com,20866,Burtonsville,MD,15144 Red Cedar Dr.
Stachowski,Melissa,dnhimjolly@jumpstartlab.com,20866,Burtonsville,MD,15144 Red Cedar Dr.
Becker,Dani,uxch.hastings@jumpstartlab.com,20912,Takoma Park,MD,7600 Flower Ave.
Lister,Milton,dqingold@jumpstartlab.com,20912,Takoma Park,MD,7600 Flower Ave.
Voutour,Laura,tuyrotenberg@jumpstartlab.com,20770,Greenbelt,MD,2 P Plateau Pl
Svoboda,Jessica,vxitkens724@jumpstartlab.com,21210,Baltimore,MD,4501 N Charles St. MS 2700
Doe,Jesse,gsaddario@jumpstartlab.com,20904,Silver Spring,MD,1304 Peaceful Lane
Slote,Sheila,gdristina.holland@jumpstartlab.com,20723,Laurel,MD,8252 Sandy Stream Road
Doe,Daniel,iicmseac@jumpstartlab.com,20783,Hyattsville,MD,7951 15th Ave #201
Hopkins,Katie,gbnichol@jumpstartlab.com,21087,Kingsville,MD,11819 Stoney Batter Road
Letcheva,Laney,pdisb_nuggs@jumpstartlab.com,21742,Hagerstown,MD,1401 potomac ave
See,Carl,fuoungma@jumpstartlab.com,20740,College Park,MD,247-09D Leonardtown
Borick,Matthew,gclue-hitchens11@jumpstartlab.com,20742,College Park,MD,247-09-C New Leonardtown
Kauffman,Alexis,ctnteyj@jumpstartlab.com,21218,Baltimore,MD,3339 N. Charles St.
San Roman,Whitney,fgoore@jumpstartlab.com,21218,Baltimore,MD,2 w. University Pkwy
Tran,Eleanor,tiperchick447@jumpstartlab.com,20852,Rockville,MD,6010 California Cir 114
Sibelman,Ben,kntsosj@jumpstartlab.com,21218,Baltimore,MD,712 Montpelier
Thatcher,Isabelle,dybosem@jumpstartlab.com,21218,Baltimore,MD,3339 N. Charles
Gent,Liana,eggordon@jumpstartlab.com,21218,Baltimore,MD,3900 Halstead
Bissessar,Jessica,kkazirak@jumpstartlab.com,21210,Baltimore,MD,110 W. 39th
Matthews,Jake,feaversnob@jumpstartlab.com,21218,Baltimore,MD,3501 st. paul
Xx,Stephen,tull31@jumpstartlab.com,21218,Baltimore,MD,3339 n charles
Boyle,Laura,vvaterma@jumpstartlab.com,21210,Baltimore,MD,110 w 39th
Westwood,John,ngelacolwell@jumpstartlab.com,21218,Baltimore,MD,3301 n charles st.
Webster,Laura,ows_braun@jumpstartlab.com,21218,Baltimore,MD,3003 n charles st
Smith,Cassidy,vxurengill@jumpstartlab.com,21218,Baltimore,MD,3003 n charles st
Khouang,Sherry,ceanzet@jumpstartlab.com,21216,x,MD,x
Caldwell,Keonna,lwlarali@jumpstartlab.com,21216,x,MD,x
Student,Meghan,txancourt@jumpstartlab.com,21216,x,MD,x
Dutton,Catherine,xfnnie.woldorf@jumpstartlab.com,21216,x,MD,x
Sangha,Philip,nmnes4re@jumpstartlab.com,21216,x,MD,x
D'addario,Neha,wyusecc@jumpstartlab.com,21216,x,MD,x
Kurs,Russell,rnloe.sackett@jumpstartlab.com,21216,x,MD,x
Rizzo,Aditi,odenajean@jumpstartlab.com,21216,x,MD,x
Zahorian,Meredith,ypebee3000@jumpstartlab.com,21216,x,MD,x
Thompson,Heather,rdm327@jumpstartlab.com,21216,x,MD,x
Howard,Null,uqlitzen@jumpstartlab.com,20742,College Park,MD,"247-10 Leonardtown, University of Maryland"
Sanders,Jessica,uvsorens@jumpstartlab.com,21216,x,MD,x
Phillips,Melanie,hdaggio@jumpstartlab.com,21216,x,MD,x
Smedick,Alicia,saoy3333@jumpstartlab.com,21216,x,MD,x
Mershon,Caroline,ny@jumpstartlab.com,21216,x,MD,x
Sprinzen,Michael,jyica.borgeswallace@jumpstartlab.com,21216,x,MD,x
Hoffbeck,Sandddd,nrllinsj4@jumpstartlab.com,21216,x,MD,x
Derwin,Holly,tcephanie.j.gardner@jumpstartlab.com,21216,x,MD,x
Downing,Diana,sdhaw1@jumpstartlab.com,21216,x,MD,x
Waldman,Sarah,cychelleighguillory@jumpstartlab.com,21216,x,MD,x
Bell,Mary,cfeckerp@jumpstartlab.com,21216,x,MD,x
Hawes,Bridget,lsmery@jumpstartlab.com,21216,x,MD,x
Cruickshank,Philip,plerris@jumpstartlab.com,21216,x,MD,x
Kohnstamm,Robert,ruood1988@jumpstartlab.com,21216,x,MD,x
Law,Jason,agle_Rosenblad@jumpstartlab.com,21216,x,MD,x
Owens,Eric,moilema1@jumpstartlab.com,21216,x,MD,x
Dennis,Jillian,urchnibe@jumpstartlab.com,21216,x,MD,x
Pedicone,Christie,ixhndoe3@jumpstartlab.com,21216,x,MD,x
Lane,Marcellus,nuttydus@jumpstartlab.com,21216,x,MD,x
Miller,Valencia,dpaaaaaaaaa@jumpstartlab.com,21216,x,MD,x
Parry,Elizabeth,acombard@jumpstartlab.com,21216,x,MD,x
Gill,Juliet,tqnniferkrill@jumpstartlab.com,21216,x,MD,x
Howell-Dinger,Catherine,arnneryis007@jumpstartlab.com,21216,x,MD,x
Marchessault,Andrea,ord9@jumpstartlab.com,21216,x,MD,x
Mendez,Jane,natowel@jumpstartlab.com,21216,x,MD,x
Ray-Mazumder,J,tmclaibo@jumpstartlab.com,21216,x,MD,x
Finkel,Lea,reanelle.dugan@jumpstartlab.com,21216,x,MD,x
Lynch,Whitney,ahccernsv@jumpstartlab.com,21216,x,MD,x
Moynahan,Michael,hkianhalprin@jumpstartlab.com,21216,x,MD,x
Webster,James,vouljosephpark@jumpstartlab.com,21216,x,MD,x
Carodenuto,Catherine,rcura.lipinski@jumpstartlab.com,21216,x,MD,x
Heinichen,Francesca,lynfranklin@jumpstartlab.com,21216,x,MD,x
Shapiro,Elise,aesout08@jumpstartlab.com,21216,x,MD,x
Van Eck,Andreah,qxcthruhiker17@jumpstartlab.com,21216,x,MD,x
Wright,Marci,rbrie.stratton@jumpstartlab.com,21216,x,MD,x
Skaggs,Mary,ijlldurrett@jumpstartlab.com,21216,x,MD,x
Coleman,Lorenzo,jjaslett@jumpstartlab.com,21216,x,MD,x
Colehor,Andrew,gjlupkin@jumpstartlab.com,21216,x,MD,x
Laird,Beth,umt24@jumpstartlab.com,21216,x,MD,x
Dooley-Feldman,Arielle,kkccrory@jumpstartlab.com,21216,x,MD,x
Maloney,Katherine,rcng2106@jumpstartlab.com,21216,x,MD,x
Uzuki,Rebecca,gkpagecolby@jumpstartlab.com,21216,x,MD,x
Brown,Georgia,pikeAli27@jumpstartlab.com,21216,x,MD,x
Griffin,Euric,rcll32@jumpstartlab.com,21216,x,MD,x
Jones,Natalie,korkson.allegra@jumpstartlab.com,21216,x,MD,x
Reese,Stacy,yohley.leclare@jumpstartlab.com,21216,x,MD,x
Bolton,Charles,tfedina4@jumpstartlab.com,21224,Baltimore,MD,1010 S. Kenwood Ave.
Atcheson,Tarini,xkracken@jumpstartlab.com,21045,Columbia,MD,8945 Footed Ridge
Marden,Jamie,assse.d.jenkins@jumpstartlab.com,20742,College Park,MD,"4230 Knox Road, Apt. 1530"
Repka,Lillian,nywaibi@jumpstartlab.com,20742,College Park,MD,3109 Cambridge
Weinstein,Natalie,xuwilburn11@jumpstartlab.com,20742,College Park,MD,"247-9 Leonardtown Hall, University of Maryland"
Cooper,Nicholas,yyvidpcorrado@jumpstartlab.com,20740,College Park,MD,8000 Boteler Lane
Stewart,Shannon,liarry@jumpstartlab.com,21250,Baltimore,MD,1000 Hilltop Circle
Manchada,Melanie,gxudgens@jumpstartlab.com,20854,Potomac,MD,1492 Selworthy Rd
Frederick,Steph,krott@jumpstartlab.com,29740,College Park,MD,8000 Boteler Lane Apt #124A
Siegel,Tamara,dingbodu@jumpstartlab.com,21239,baltimore,MD,6905 donachie rd apt f
Jeff,Jay,pmahlstr@jumpstartlab.com,21286,Towson,MD,303 E. Burke Rd Apt C
Clancy,Laurie,jk@jumpstartlab.com,20895,kensington,MD,3115-8 university blvd west
White,Jane,fpikatri@jumpstartlab.com,21204,Towson,MD,8007 york rd apt C1
Brubaker,Cara,tvnglese1@jumpstartlab.com,20742,College Park,MD,6121 Centreville Hall
O'Bryon,Marcelino,jxrrieweikle@jumpstartlab.com,20740,College Park,MD,8000 Boteler Lane Apt. 124
Wang,Jessica,vwinsa02@jumpstartlab.com,21093,lutherville,MD,11209 greenspring ave
Suzor,Kirsten,hwiderc@jumpstartlab.com,20740,college park,MD,4603 harvard rd.
Dougherty,Amanda,ukmitch07@jumpstartlab.com,20602,waldorf,MD,607 wilson ln
Griffard,X,skmbolger@jumpstartlab.com,20646,La Plata,MD,6580 glendale place
Williams,Sarah,dvjaff07@jumpstartlab.com,21136,reisterstown,MD,14021 woodlings lane
Brisbois,Sarah,wqlee0808@jumpstartlab.com,21218,Baltimore,MD,3043 Frisby St.
Santoro,Kelly,auurtney.marie.davis@jumpstartlab.com,20912,Takoma Park,MD,28 Lee Ave. Apt. 303
Ogutu,Alice,ury1@jumpstartlab.com,21047,fallston,MD,3327 charles st
Fonda-Bonardi,Stephen,rilking_contradiction_27@jumpstartlab.com,20601,waldorf,MD,3802 brewster circle
Pfeffer,Jordan,xfanjarr@jumpstartlab.com,20912,takoma park,MD,251 manor circle
Nayeem,Hilary,lhavis@jumpstartlab.com,20912,takoma park,MD,251 manor circle
Syrig,Charlotte,wwedellstiles@jumpstartlab.com,20782,Hyattsville,MD,6201 41st Ave
Reinauer,Zachary,qrantiag@jumpstartlab.com,20742,College Park,MD,5218 Centreville
Barker,Emma,rcberger@jumpstartlab.com,20816,Bethesda,MD,2 Bay Tree Lane
Zamudio,Bradly,fyaronsmith@jumpstartlab.com,20742,College Park,MD,1102 Somerset Hall
Sager,Megan,xglia.shindel@jumpstartlab.com,20781,Hyattsville,MD,4227 Oglethorpe St.
Gupta,Null,sxhndoe14@jumpstartlab.com,20910,Silver Spring,MD,"1133 E West Hwy, Ste 319-W"
Doe,Meredith,uimenez@jumpstartlab.com,20740,College Park,MD,8000 Travis Ln
Fencl,Zach,smTAK@jumpstartlab.com,20740,College Park,MD,"8204 Baltimore Ave, Apt 718B"
Zimmer,Brandon,mmockc6@jumpstartlab.com,21701,Frederick,MD,401 Rosemont Ave.
Lazarowski,Paul,qnudmer@jumpstartlab.com,20860,Sandy Spring,MD,17714 Meetinghouse Rd
August,Shane,anhilips@jumpstartlab.com,20912,Takoma Park,MD,1012 Heather Ave
Barns,Leslie,ufoff@jumpstartlab.com,21788,Thurmont,MD,24 JerMae St
Parker,Scott,qhuer321@jumpstartlab.com,20833,Brookeville,MD,19308 Alderbarn Ct
Patrick,Shannon,foshankland@jumpstartlab.com,20850,Rockvile,MD,4 Vallingby Circle
Haskell,Sophia,gbffb_123@jumpstartlab.com,20770,Greenbelt,MD,14-N Laurel Hill Road
Arnold,Rose,oqenville@jumpstartlab.com,20906,Silver Spring,MD,6 Middlebridge Ct
Dickson,Alison,xoolloway10@jumpstartlab.com,20854,Potomac,MD,8158 Inverness Ridge Road
Xx,Eliza,wqrah.mary89@jumpstartlab.com,20854,Potomac,MD,11713 Charen Lane
Chronis,Kirsten,frmooski@jumpstartlab.com,20723,Laurel,MD,10584 Hunters Way
DeWolf,Dominique,xwh001@jumpstartlab.com,20901,Silver Spring,MD,9407 Worth Ave
Wetherill,Sam,fyvegetarian@jumpstartlab.com,20901,Silver Spring,MD,10823 Margate Road
Comer,X,iaivings@jumpstartlab.com,20815,Chevy Chase,MD,3708 Underwood Rd
Roy,Katie,dhigsi01@jumpstartlab.com,20782,Hyattsville,MD,6201 41st Ave
Avendano,Jessica,ruoore10@jumpstartlab.com,20902,Silver Spring,MD,1814 August Dr
Marquis,Lauren,fqenshen@jumpstartlab.com,20902,Wheaton,MD,2103 Hermitage Road
Spero,Michael,dcna.kuhnline@jumpstartlab.com,20901,Silver Spring,MD,8905 Sudbury Road
Theden,Liam,psmcgrew@jumpstartlab.com,20905,Silver Spring,MD,2217 Link Road
Siegler,Stephanie,npmaho06@jumpstartlab.com,20782,University Park,MD,6905 Pineway Ave
Wofford,Ruth,paallmeyer@jumpstartlab.com,20815,Chevy Chase,MD,7423 Lynnhurst Street
Schwaneke,Jane,fjh224@jumpstartlab.com,20850,Rockville,MD,310 Crabb Avenue
Tedrow,Sajeewa,gerumber@jumpstartlab.com,20855,Derwood,MD,7710 Iron Forge Court
McCall,Rhiannon,plgermal@jumpstartlab.com,20742,College Park,MD,4111 Elkton Hall
Queen,Shannen,kjinda.manglik@jumpstartlab.com,20832,Olney,MD,4105 Alfalfa Terrace
Smith,Meg,jy379@jumpstartlab.com,20740,College Park,MD,5024 Berwyn Road
Lkjklljlkj,Arden,hslftylerblue@jumpstartlab.com,20742,College Park,MD,3106 Dorchester Hall
Baker,Kara,cms.bischoff@jumpstartlab.com,20912,Takoma Park,MD,7600 Flower Ave.
Catellacci,Genevieve,gyura.Kriegel@jumpstartlab.com,20742,College Park,MD,6109 Hagerstown Hall
Gromisch,Eliza,lqmoresch@jumpstartlab.com,21701,Frederick,MD,8241 Black Hawk Court
Tale,Dordt,qxope@jumpstartlab.com,20742,College Park,MD,5104 Denton Hall
Rueter,Christian,xlean@jumpstartlab.com,21804,Salisbury,MD,224 Onley Road #103-A
Gosse,Sarah,bsore@jumpstartlab.com,20912,Takoma Park,MD,7600 Flower Ave.
Brummel,Austin,lpldor_a@jumpstartlab.com,20740,College Park,MD,8000 Boteler Lane
Kolb,Joseph,avdisido@jumpstartlab.com,20740,College Park,MD,8000 Boteler Lane
Holleb,Seth,ouitlinef324@jumpstartlab.com,20740,College Park,MD,"4226 Guilford Drive, Apt A"
Holdaway,Jordan,ekazanec@jumpstartlab.com,20742,College park,MD,8133 Hagerstown Hall
Gladfelter,Lorena,ylnjen3323@jumpstartlab.com,21157,Westminster,MD,2 College Hill
Rawstron,Ben,xjpivey@jumpstartlab.com,20782,Hyattsville,MD,6201 41st Ave
Butler,Laura,drCyprian@jumpstartlab.com,20742,College Park,MD,247-9C New Leonardtown
Sorenson,Jake,pqowen09@jumpstartlab.com,20740,College Park,MD,4902 Cherokee Street
Wolfson,Kyle,gjethin@jumpstartlab.com,20712,Mount Rainier,MD,4004 32nd St
Spence,Kerry,cghsjp@jumpstartlab.com,20740,College Park,MD,7400 Columbia Ave
Aungst,Dan,vmrthsaver@jumpstartlab.com,20657,Lusby,MD,12545 Catalina Drive
